{"CIDEr": 0.673827109551496, "Bleu_4": 0.49969875688226145, "Bleu_3": 0.6065618137661158, "Bleu_2": 0.6995170430182333, "Bleu_1": 0.8047355473552261, "ROUGE_L": 0.6919041250096415, "METEOR": 0.3237072201101534}