{"CIDEr": 0.5493518070031969, "Bleu_4": 0.4581152629563185, "Bleu_3": 0.5661104114100598, "Bleu_2": 0.6596916153626681, "Bleu_1": 0.7766779708727696, "ROUGE_L": 0.6730133131172128, "METEOR": 0.2994288543848461}