{"CIDEr": 0.802276990667106, "Bleu_4": 0.5506910404461188, "Bleu_3": 0.6430079023144712, "Bleu_2": 0.7295491688243773, "Bleu_1": 0.8309523809521336, "ROUGE_L": 0.7152190526492938, "METEOR": 0.3473971220895579}